<?xml version="1.0" encoding="UTF-8" standalone="no"?>
<!DOCTYPE hibernate-configuration PUBLIC "-//Hibernate/Hibernate Configuration DTD 3.0//EN" "http://www.hibernate.org/dtd/hibernate-configuration-3.0.dtd">
<hibernate-configuration>
	<session-factory>
		<property name="hibernate.bytecode.use_reflection_optimizer">false</property>
		<property name="hibernate.connection.driver_class">com.microsoft.sqlserver.jdbc.SQLServerDriver</property>
		<property name="hibernate.connection.password">Asg97?h8</property>
		<property name="hibernate.connection.url">jdbc:sqlserver://mylastech.net:1433;databaseName=mylasfyt_krishna</property>
		<property name="hibernate.connection.username">krishna</property>
		<property name="hibernate.dialect">org.hibernate.dialect.SQLServerDialect</property>
		<property name="hibernate.search.autoregister_listeners">true</property>
		<property name="hibernate.validator.apply_to_ddl">false</property>
		<mapping class="mylas.com.erp.demo.EmpDetails" />
		<mapping class="mylas.com.erp.demo.TblDesignation" />
		<mapping class="mylas.com.erp.demo.TblDepartment" />
	</session-factory>
</hibernate-configuration>
