<?xml version="1.0" encoding="UTF-8" standalone="no"?>
<!-- Generated 10 May, 2018 5:36:21 PM by Hibernate Tools 5.2.8.Final --><!DOCTYPE hibernate-mapping PUBLIC "-//Hibernate/Hibernate Mapping DTD 3.0//EN" "http://www.hibernate.org/dtd/hibernate-mapping-3.0.dtd">
<hibernate-mapping auto-import="true" default-access="property" default-cascade="none" default-lazy="true">
    <class catalog="mylasfyt_krishna" dynamic-insert="false" dynamic-update="false" mutable="true" name="mylas.com.erp.demo.TblDepartment" optimistic-lock="version" polymorphism="implicit" schema="krishna" select-before-update="false" table="tbl_Department">
        <id name="departmentId" type="java.lang.Integer">
            <column name="DepartmentId"/>
            <generator class="identity"/>
        </id>
        <property generated="never" lazy="false" name="department" optimistic-lock="true" type="string" unique="false">
            <column length="50" name="Department"/>
        </property>
    </class>
</hibernate-mapping>
